iter	Logloss
0	0.4954835984
1	0.452274193
